{"Brent Crude Price": 0.040950316935777664, "Policy Repo Rate": 0.0026484227273613214, "USD/INR Exchange Rate": 0.003000173019245267, "Agricultural Crop yields": 0.12}